feature_name,feature_group,f_score,p_value,adhd_mean,control_mean,mean_difference,abs_mean_difference
parietal_hjorth_mobility_mean,region,23.334343763804082,4.095589074219105e-06,0.4369680700728211,0.3753003640177585,0.06166770605506261,0.06166770605506261
Pz_hjorth_mobility_mean,hjorth,21.74663049023566,8.202254049400136e-06,0.39391576977647036,0.33326330252580594,0.06065246725066442,0.06065246725066442
O1_theta_alpha_ratio_mean,band_ratio,19.520381313367995,2.208402511428015e-05,1.8639826343127988,2.597373215310582,-0.7333905809977832,0.7333905809977832
O1_O2_alpha_rel_mean_diff,asymmetry,18.743094674777748,3.135822262356104e-05,0.017532556057253186,-0.005203094050608664,0.02273565010786185,0.02273565010786185
O1_alpha_rel_mean,frequency_band,18.73761805966994,3.1436074064684705e-05,0.12798500462860568,0.08959328143947189,0.038391723189133795,0.038391723189133795
C3_hjorth_mobility_mean,hjorth,17.978865969642282,4.4378216663958755e-05,0.3712095251988932,0.3226119856675191,0.048597539531374134,0.048597539531374134
parietal_hjorth_complexity_mean,region,17.97273372168246,4.450251359827423e-05,2.4679868921332266,2.844242630684452,-0.3762557385512255,0.3762557385512255
P3_hjorth_mobility_mean,hjorth,17.964714000168588,4.466560525257729e-05,0.40762002460968705,0.3515301453754986,0.056089879234188456,0.056089879234188456
P7_theta_alpha_ratio_mean,band_ratio,17.67212451022223,5.105279814477388e-05,2.0043083025662223,2.8500935458140426,-0.8457852432478203,0.8457852432478203
P7_hjorth_mobility_mean,hjorth,17.41866775210266,5.7337346540222364e-05,0.5006954627527141,0.4092032097441702,0.09149225300854397,0.09149225300854397
P3_delta_rel_mean,frequency_band,17.246938779072636,6.20397796131093e-05,0.4695231593310422,0.5622342194433485,-0.09271106011230629,0.09271106011230629
central_hjorth_mobility_mean,region,16.967716085253798,7.05433887312001e-05,0.37588066349287286,0.3353139152922221,0.04056674820065076,0.04056674820065076
temporal_hjorth_mobility_mean,region,16.89743081944177,7.286573041213491e-05,0.4186195533018489,0.3491976432386096,0.06942191006323933,0.06942191006323933
O1_delta_rel_mean,frequency_band,16.737111111105452,7.845983103164878e-05,0.44318369387902284,0.5368852981198723,-0.09370160424084945,0.09370160424084945
Pz_zero_crossing_rate_mean,time_domain,16.63502277867517,8.224898499985832e-05,0.1276051904145321,0.1101650637871281,0.017440126627404004,0.017440126627404004
P7_zero_crossing_rate_mean,time_domain,16.323065943505526,9.502865615989503e-05,0.1660503248084744,0.13738004833732556,0.028670276471148837,0.028670276471148837
P3_hjorth_complexity_mean,hjorth,16.16174892761988,0.00010241628729674154,2.495722437510787,2.9451247721029707,-0.4494023345921838,0.4494023345921838
P7_delta_rel_mean,frequency_band,15.987127845979849,0.00011107755471316426,0.4620793827206059,0.558459864246677,-0.09638048152607115,0.09638048152607115
P7_hjorth_complexity_mean,hjorth,15.892801006794794,0.0001160642040959947,2.3564863110160856,2.8322545385116755,-0.4757682274955899,0.4757682274955899
temporal_theta_beta_ratio_mean,region,15.674129048833578,0.00012852401903268095,2.1806548319293686,3.204717826533754,-1.0240629946043853,1.0240629946043853
temporal_hjorth_complexity_mean,region,15.56289433764656,0.00013537891854595375,2.718354246108269,3.142091205426922,-0.42373695931865285,0.42373695931865285
Pz_delta_rel_mean,frequency_band,15.519320178972285,0.00013816511409868828,0.4684761894351418,0.5526034274932566,-0.08412723805811484,0.08412723805811484
T7_delta_rel_mean,frequency_band,15.459488054616644,0.0001420867155928294,0.5305601918841215,0.623431398402289,-0.09287120651816749,0.09287120651816749
C3_zero_crossing_rate_mean,time_domain,14.720663006073508,0.00020104531571994168,0.12130505762228233,0.10762279315062752,0.013682264471654812,0.013682264471654812
P3_zero_crossing_rate_mean,time_domain,14.677690047826614,0.00020516295369451117,0.132766142171593,0.11709288010835199,0.015673262063241003,0.015673262063241003
T7_theta_beta_ratio_mean,band_ratio,14.472709493002867,0.00022602480807065937,2.4423912953448155,3.8799325945485044,-1.437541299203689,1.437541299203689
Pz_theta_beta_ratio_mean,band_ratio,14.34008767591998,0.00024066779125036643,2.7765522120856225,4.277045137499251,-1.5004929254136288,1.5004929254136288
P7_std_mean,time_domain,14.283599415709743,0.00024719632494108693,113.53827783422068,164.27052458022985,-50.73224674600917,50.73224674600917
P7_rms_mean,time_domain,14.283599415709743,0.00024719632494108693,113.53827783422068,164.27052458022985,-50.73224674600917,50.73224674600917
C3_delta_rel_mean,frequency_band,14.156894565121396,0.0002625075931610739,0.47547521768695267,0.5598260155754695,-0.08435079788851685,0.08435079788851685
T7_hjorth_mobility_mean,hjorth,14.104212538075634,0.00026915643741874196,0.4007434852666164,0.3258752749653697,0.07486821030124668,0.07486821030124668
parietal_beta_rel_mean,region,14.004096217954407,0.0002822710525685483,0.12178988152135681,0.09413545254677033,0.027654428974586476,0.027654428974586476
O1_alpha_rel_std,frequency_band,13.780885301269032,0.00031391815123283485,0.0484029261677494,0.03898092504603004,0.009422001121719356,0.009422001121719356
Fz_hjorth_mobility_mean,hjorth,13.627914260273148,0.0003376854009075102,0.36428701607136305,0.3243334522262983,0.039953563845064766,0.039953563845064766
Pz_hjorth_complexity_mean,hjorth,13.606028999157429,0.00034123339254369257,2.468822516784678,2.872963221453913,-0.4041407046692349,0.4041407046692349
P7_ptp_mean,time_domain,13.573148978606056,0.0003466357540052039,740.6933692457962,1082.3820007528514,-341.6886315070551,341.6886315070551
O1_hjorth_complexity_mean,hjorth,13.567468734071625,0.00034757788567225863,2.342537199170148,2.7264587953898767,-0.38392159621972866,0.38392159621972866
Pz_beta_rel_mean,frequency_band,13.564048771955154,0.00034814638894079827,0.09149919586844756,0.06833433621005609,0.023164859658391462,0.023164859658391462
P3_kurtosis_mean,time_domain,13.359664135732507,0.00038391047480449287,0.6396712127338857,1.2149896252679295,-0.5753184125340438,0.5753184125340438
occipital_hjorth_complexity_mean,region,13.340711080203675,0.000387412174176692,2.3477578250196514,2.6664694623785814,-0.31871163735893004,0.31871163735893004
T7_zero_crossing_rate_mean,time_domain,12.834608203425606,0.0004940819654747344,0.13447213931335059,0.11136509606395287,0.02310704324939772,0.02310704324939772
T7_hjorth_complexity_mean,hjorth,12.578853240808993,0.0005590114556974293,2.732529858010437,3.203176299468414,-0.4706464414579772,0.4706464414579772
P7_beta_rel_mean,frequency_band,12.39937908051787,0.000609746794565845,0.16426989636598058,0.11747194774876986,0.04679794861721072,0.04679794861721072
P7_alpha_rel_mean,frequency_band,12.351753759723293,0.0006239866335438903,0.10871722073058433,0.08131609392855955,0.027401126802024778,0.027401126802024778
T7_theta_beta_ratio_std,band_ratio,12.201660439808613,0.0006711363518316968,1.5005147761143336,2.551032605578692,-1.0505178294643582,1.0505178294643582
P3_theta_beta_ratio_std,band_ratio,12.135981619554753,0.0006929033980939833,1.1926842271706042,2.0926476632397617,-0.8999634360691575,0.8999634360691575
C3_gamma_rel_mean,frequency_band,12.08265777288339,0.0007111077953166013,0.00927087156676596,0.006808279404972867,0.0024625921617930932,0.0024625921617930932
Fz_delta_rel_mean,frequency_band,11.852844409758072,0.0007953573606806406,0.4917632288584951,0.5601332445555836,-0.06837001569708845,0.06837001569708845
P7_gamma_rel_mean,frequency_band,11.7310381355975,0.0008440992732419654,0.03311157130683606,0.021947248005015116,0.011164323301820947,0.011164323301820947
P3_theta_alpha_ratio_std,band_ratio,11.70581578318643,0.0008545696065451543,1.071250003353245,1.5399670728134218,-0.46871706946017677,0.46871706946017677
Cz_hjorth_mobility_mean,hjorth,11.603002675559829,0.0008986478319187704,0.38064585188236133,0.34379307918917373,0.036852772693187597,0.036852772693187597
parietal_theta_beta_ratio_mean,region,11.590151515046507,0.0009043191751446271,2.2455901876795603,3.125945571191744,-0.8803553835121836,0.8803553835121836
F3_delta_rel_mean,frequency_band,11.537519740513577,0.0009279321914718953,0.5111855365096333,0.5781032971081678,-0.06691776059853449,0.06691776059853449
F3_hjorth_mobility_mean,hjorth,11.495740270505314,0.0009471265112676985,0.3686171193021292,0.32810827362425016,0.040508845677879046,0.040508845677879046
C3_hjorth_complexity_mean,hjorth,11.443046019896562,0.0009719180197625245,2.518631727763066,2.8858148398987438,-0.3671831121356779,0.3671831121356779
occipital_alpha_rel_mean,region,11.399744664113214,0.0009927886524035922,0.11921872659997908,0.0921948284647762,0.02702389813520288,0.02702389813520288
P7_theta_beta_ratio_mean,band_ratio,11.146480756459672,0.0011244274477534206,1.482024946694457,2.4465103173786344,-0.9644853706841774,0.9644853706841774
P7_mean_std,time_domain,11.070185297959057,0.0011675009957971998,2.13108425548829e-15,3.1232661060008514e-15,-9.921818505125615e-16,9.921818505125615e-16
P3_skew_std,time_domain,11.064099672613468,0.0011710088947037805,0.3973847869359304,0.5275016077430765,-0.13011682080714615,0.13011682080714615
central_hjorth_complexity_mean,region,11.048815033326793,0.0011798671561268502,2.542906332428223,2.843324162175562,-0.30041782974733877,0.30041782974733877
Fz_hjorth_complexity_mean,hjorth,10.850351695422612,0.0013013436819112453,2.5629206172308843,2.875169268229804,-0.3122486509989195,0.3122486509989195
T7_theta_alpha_ratio_mean,band_ratio,10.72901334564333,0.0013818759511260688,2.277941461962175,3.056830191057176,-0.7788887290950011,0.7788887290950011
T8_hjorth_mobility_mean,hjorth,10.66221568858242,0.0014283786169728481,0.4364956213370815,0.37252001151184955,0.06397560982523193,0.06397560982523193
P7_theta_abs_mean,frequency_band,10.463116594969138,0.0015767663359397294,2234.0537746616,4603.562864582334,-2369.5090899207344,2369.5090899207344
T8_zero_crossing_rate_mean,time_domain,10.233173321740349,0.0017680383461596543,0.14863615951392367,0.12789018712578867,0.020745972388134998,0.020745972388134998
Pz_skew_mean,time_domain,10.149595697623432,0.001843340959156197,0.05115161168286082,-0.01613110632316097,0.06728271800602179,0.06728271800602179
F3_skew_mean,time_domain,10.0906163912081,0.0018984607083117958,0.09230420952917537,0.004199439241376419,0.08810477028779895,0.08810477028779895
P7_theta_alpha_ratio_std,band_ratio,10.07671712245842,0.001911695631699822,1.1266012569021262,1.6798248689179762,-0.55322361201585,0.55322361201585
Pz_ptp_mean,time_domain,10.039348853281886,0.0019477506933775015,868.8742910883427,1119.2462342270478,-250.3719431387051,250.3719431387051
Pz_std_mean,time_domain,10.007648074628142,0.0019788859037773742,141.84938668306177,179.54683232040128,-37.69744563733951,37.69744563733951
Pz_rms_mean,time_domain,10.007648074628142,0.0019788859037773742,141.84938668306177,179.54683232040128,-37.69744563733951,37.69744563733951
temporal_beta_rel_mean,region,9.998527708050036,0.001987938115111752,0.1178478597796646,0.08488026767023855,0.03296759210942604,0.03296759210942604
T8_delta_rel_mean,frequency_band,9.982679510563974,0.0020037693987730713,0.5373292559519937,0.6068707815380029,-0.06954152558600923,0.06954152558600923
parietal_std_mean,region,9.916938602393824,0.0020708385736120955,134.80703919267896,166.89342801555193,-32.086388822872976,32.086388822872976
F4_line_length_mean,time_domain,9.83651166754988,0.0021560451498560803,22582.05352332047,19831.765429579144,2750.2880937413247,2750.2880937413247
F4_zero_crossing_rate_mean,time_domain,9.77744878838967,0.0022209109583888635,0.12679191946799784,0.11440572919917029,0.012386190268827549,0.012386190268827549
O1_theta_beta_ratio_mean,band_ratio,9.732303179195375,0.00227184511513296,1.894381515033062,2.814447217783907,-0.9200657027508448,0.9200657027508448
P7_theta_beta_ratio_std,band_ratio,9.720913319317473,0.002284884410142876,0.8916048064199597,1.633879461343936,-0.7422746549239764,0.7422746549239764
C3_beta_rel_mean,frequency_band,9.71629505777973,0.0022901934105635405,0.07978441879726039,0.06250563028206715,0.01727878851519324,0.01727878851519324
P3_theta_alpha_ratio_mean,band_ratio,9.614852703299105,0.0024100690225995008,1.9915317697038284,2.582717891223719,-0.5911861215198906,0.5911861215198906
P7_hjorth_activity_mean,hjorth,9.549271111319328,0.0024909909759131942,18454.990688417107,45405.35564737103,-26950.36495895392,26950.36495895392
O1_kurtosis_mean,time_domain,9.54197089914479,0.002500170323875207,0.7238447331691975,1.2479788353999688,-0.5241341022307713,0.5241341022307713
T8_hjorth_complexity_mean,hjorth,9.467710266334624,0.0025955509611891277,2.704178634206101,3.08100611138543,-0.37682747717932896,0.37682747717932896
O1_ptp_mean,time_domain,9.372624596263094,0.0027231810392121026,930.6270261549133,1218.788365280359,-288.1613391254456,288.1613391254456
F3_hjorth_complexity_mean,hjorth,9.3618995125213,0.0027379773560867356,2.6228295993954798,2.93310428883502,-0.3102746894395403,0.3102746894395403
Cz_zero_crossing_rate_mean,time_domain,9.356020420547184,0.0027461232854340996,0.12388252856081802,0.11329519939407354,0.010587329166744486,0.010587329166744486
P3_beta_rel_mean,frequency_band,9.347615408638541,0.0027578124802287566,0.09693184926253656,0.0773503399306588,0.01958150933187776,0.01958150933187776
P3_skew_mean,time_domain,9.288777504434792,0.0028410903174362367,0.03913114051423812,-0.03030485319289744,0.06943599370713556,0.06943599370713556
O1_std_mean,time_domain,9.264915722018069,0.0028755986881421596,146.88400324191775,187.7894355209044,-40.90543227898664,40.90543227898664
O1_rms_mean,time_domain,9.264915722018069,0.0028755986881421596,146.88400324191775,187.7894355209044,-40.90543227898664,40.90543227898664
T7_gamma_rel_mean,frequency_band,9.192042705606147,0.0029836859881068093,0.017383335857860754,0.010382351019139095,0.00700098483872166,0.00700098483872166
F3_zero_crossing_rate_mean,time_domain,9.178270097200704,0.003004580152694486,0.12255982788745827,0.11067164934549875,0.011888178541959518,0.011888178541959518
frontal_hjorth_mobility_mean,region,9.158331705737458,0.0030350960032834253,0.3745639166526579,0.3400637452964438,0.03450017135621414,0.03450017135621414
T7_beta_rel_mean,frequency_band,9.123734417036077,0.0030888081709482596,0.10885452150011107,0.07392741819948657,0.0349271033006245,0.0349271033006245
O1_mean_std,time_domain,9.1126096225376,0.0031062869102433336,2.6387619751598358e-15,3.4548688631924813e-15,-8.161068880326455e-16,8.161068880326455e-16
C4_hjorth_mobility_mean,hjorth,9.10734331883107,0.0031145966171682296,0.37578661339736413,0.33953668101997336,0.03624993237739077,0.03624993237739077
F4_hjorth_mobility_mean,hjorth,9.107237490996113,0.0031147638378399025,0.38159807393605233,0.3427513095058213,0.03884676443023105,0.03884676443023105
P3_alpha_rel_mean,frequency_band,9.09050032101576,0.0031413274687183087,0.14078717427268345,0.10590131558609768,0.034885858686585766,0.034885858686585766
O1_theta_beta_ratio_std,band_ratio,9.08702799472865,0.003146867617427845,0.9695782407436964,1.5615632478677866,-0.5919850071240902,0.5919850071240902
P7_delta_abs_mean,frequency_band,9.047272238494863,0.003211021566972961,11567.443256339666,32875.92522847318,-21308.48197213351,21308.48197213351
