repeat,seed,model_name,cv_best_score,best_params,train_subjects,val_subjects,test_subjects,val_accuracy,val_f1,val_recall,val_precision,val_specificity,val_auc,test_accuracy,test_f1,test_recall,test_precision,test_specificity,test_auc,test_tn,test_fp,test_fn,test_tp
1,42,xgboost,0.7371428571428572,"{'clf__colsample_bytree': 1.0, 'clf__learning_rate': 0.03, 'clf__max_depth': 3, 'clf__n_estimators': 200, 'clf__subsample': 1.0, 'selector__k': 120}","['v286', 'v113', 'v59p', 'v114', 'v37p', 'v284', 'v127', 'v1p', 'v306', 'v15p', 'v303', 'v117', 'v129', 'v34p', 'v206', 'v250', 'v107', 'v204', 'v33p', 'v43p', 'v149', 'v310', 'v121', 'v46p', 'v42p', 'v134', 'v40p', 'v41p', 'v58p', 'v31p', 'v6p', 'v36p', 'v28p', 'v116', 'v288', 'v22p', 'v108', 'v60p', 'v32p', 'v215', 'v30p', 'v3p', 'v123', 'v55p', 'v219', 'v198', 'v24p', 'v236', 'v118', 'v109', 'v265', 'v190', 'v302', 'v300', 'v39p', 'v54p', 'v299', 'v151', 'v21p', 'v244', 'v209', 'v25p', 'v140', 'v231', 'v47p', 'v196', 'v308', 'v234', 'v304', 'v10p', 'v147', 'v44p']","['v179', 'v309', 'v263', 'v307', 'v115', 'v35p', 'v305', 'v14p', 'v183', 'v298', 'v27p', 'v53p', 'v254', 'v12p', 'v279', 'v45p', 'v181', 'v48p', 'v131', 'v125', 'v200', 'v238', 'v50p', 'v51p']","['v56p', 'v173', 'v274', 'v52p', 'v38p', 'v8p', 'v110', 'v29p', 'v112', 'v120', 'v213', 'v270', 'v227', 'v19p', 'v138', 'v297', 'v20p', 'v177', 'v143', 'v57p', 'v49p', 'v133', 'v246', 'v111', 'v18p']",0.5416666666666666,0.5217391304347826,0.5,0.5454545454545454,0.5833333333333334,0.5138888888888888,0.72,0.6956521739130435,0.6153846153846154,0.8,0.8333333333333334,0.858974358974359,10,2,5,8
2,43,svm_rbf,0.6533333333333333,"{'clf__C': 5, 'clf__gamma': 'scale', 'clf__kernel': 'rbf', 'selector__k': 40}","['v53p', 'v138', 'v270', 'v10p', 'v31p', 'v42p', 'v12p', 'v1p', 'v244', 'v111', 'v299', 'v32p', 'v200', 'v58p', 'v204', 'v304', 'v131', 'v300', 'v250', 'v36p', 'v25p', 'v274', 'v307', 'v134', 'v302', 'v34p', 'v108', 'v54p', 'v265', 'v198', 'v116', 'v123', 'v40p', 'v297', 'v41p', 'v27p', 'v238', 'v149', 'v121', 'v52p', 'v50p', 'v35p', 'v125', 'v15p', 'v19p', 'v33p', 'v231', 'v6p', 'v206', 'v308', 'v288', 'v55p', 'v21p', 'v28p', 'v127', 'v110', 'v46p', 'v227', 'v39p', 'v29p', 'v57p', 'v236', 'v306', 'v309', 'v173', 'v151', 'v113', 'v112', 'v140', 'v22p', 'v20p', 'v305']","['v114', 'v18p', 'v234', 'v286', 'v47p', 'v30p', 'v118', 'v284', 'v181', 'v43p', 'v133', 'v298', 'v303', 'v117', 'v177', 'v196', 'v179', 'v190', 'v263', 'v147', 'v109', 'v56p', 'v3p', 'v49p']","['v107', 'v246', 'v60p', 'v143', 'v213', 'v209', 'v14p', 'v219', 'v310', 'v59p', 'v44p', 'v254', 'v51p', 'v120', 'v183', 'v115', 'v24p', 'v38p', 'v279', 'v8p', 'v48p', 'v129', 'v37p', 'v45p', 'v215']",0.75,0.75,0.75,0.75,0.75,0.7916666666666667,0.64,0.6666666666666666,0.6923076923076923,0.6428571428571429,0.5833333333333334,0.7884615384615384,7,5,4,9
3,44,svm_rbf,0.7085714285714285,"{'clf__C': 5, 'clf__gamma': 0.001, 'clf__kernel': 'rbf', 'selector__k': 120}","['v299', 'v302', 'v183', 'v181', 'v42p', 'v53p', 'v246', 'v129', 'v109', 'v54p', 'v114', 'v149', 'v198', 'v18p', 'v27p', 'v37p', 'v34p', 'v140', 'v32p', 'v308', 'v147', 'v133', 'v39p', 'v1p', 'v117', 'v107', 'v3p', 'v33p', 'v254', 'v127', 'v10p', 'v24p', 'v196', 'v213', 'v288', 'v204', 'v55p', 'v250', 'v43p', 'v143', 'v25p', 'v116', 'v51p', 'v231', 'v59p', 'v52p', 'v21p', 'v173', 'v20p', 'v50p', 'v190', 'v238', 'v108', 'v35p', 'v309', 'v57p', 'v28p', 'v47p', 'v303', 'v14p', 'v6p', 'v112', 'v41p', 'v177', 'v310', 'v219', 'v118', 'v22p', 'v44p', 'v298', 'v38p', 'v46p']","['v12p', 'v284', 'v56p', 'v304', 'v209', 'v123', 'v8p', 'v60p', 'v305', 'v236', 'v48p', 'v111', 'v307', 'v265', 'v31p', 'v300', 'v29p', 'v151', 'v115', 'v270', 'v274', 'v263', 'v234', 'v113']","['v121', 'v200', 'v15p', 'v206', 'v30p', 'v279', 'v49p', 'v306', 'v40p', 'v45p', 'v120', 'v244', 'v215', 'v110', 'v227', 'v134', 'v19p', 'v138', 'v286', 'v58p', 'v36p', 'v131', 'v179', 'v297', 'v125']",0.8333333333333334,0.8333333333333334,0.8333333333333334,0.8333333333333334,0.8333333333333334,0.8263888888888888,0.64,0.6896551724137931,0.7692307692307693,0.625,0.5,0.6987179487179487,6,6,3,10
4,45,random_forest,0.7076190476190476,"{'clf__max_depth': None, 'clf__min_samples_leaf': 1, 'clf__min_samples_split': 2, 'clf__n_estimators': 300, 'selector__k': 80}","['v59p', 'v43p', 'v227', 'v111', 'v116', 'v117', 'v34p', 'v297', 'v53p', 'v219', 'v52p', 'v299', 'v206', 'v125', 'v36p', 'v263', 'v147', 'v1p', 'v270', 'v309', 'v133', 'v8p', 'v19p', 'v31p', 'v118', 'v18p', 'v151', 'v131', 'v213', 'v279', 'v39p', 'v121', 'v57p', 'v236', 'v300', 'v196', 'v179', 'v41p', 'v47p', 'v305', 'v46p', 'v127', 'v21p', 'v48p', 'v110', 'v37p', 'v51p', 'v209', 'v56p', 'v49p', 'v307', 'v29p', 'v14p', 'v10p', 'v123', 'v25p', 'v234', 'v288', 'v113', 'v198', 'v304', 'v204', 'v20p', 'v28p', 'v181', 'v177', 'v254', 'v22p', 'v308', 'v231', 'v129', 'v60p']","['v12p', 'v190', 'v149', 'v303', 'v138', 'v284', 'v274', 'v114', 'v298', 'v215', 'v107', 'v265', 'v35p', 'v244', 'v54p', 'v200', 'v238', 'v108', 'v32p', 'v302', 'v246', 'v120', 'v45p', 'v143']","['v310', 'v40p', 'v140', 'v3p', 'v44p', 'v50p', 'v55p', 'v38p', 'v27p', 'v42p', 'v109', 'v15p', 'v112', 'v24p', 'v183', 'v115', 'v33p', 'v286', 'v134', 'v6p', 'v306', 'v250', 'v173', 'v30p', 'v58p']",0.6666666666666666,0.6923076923076923,0.75,0.6428571428571429,0.5833333333333334,0.75,0.64,0.6666666666666666,0.6923076923076923,0.6428571428571429,0.5833333333333334,0.5641025641025641,7,5,4,9
5,46,svm_rbf,0.6247619047619047,"{'clf__C': 0.5, 'clf__gamma': 0.001, 'clf__kernel': 'rbf', 'selector__k': 120}","['v219', 'v134', 'v40p', 'v302', 'v299', 'v28p', 'v109', 'v310', 'v127', 'v3p', 'v244', 'v55p', 'v196', 'v14p', 'v31p', 'v33p', 'v183', 'v204', 'v147', 'v265', 'v107', 'v54p', 'v19p', 'v108', 'v44p', 'v198', 'v254', 'v118', 'v120', 'v125', 'v10p', 'v270', 'v304', 'v27p', 'v39p', 'v24p', 'v246', 'v20p', 'v38p', 'v300', 'v133', 'v297', 'v8p', 'v117', 'v227', 'v274', 'v138', 'v308', 'v129', 'v238', 'v181', 'v59p', 'v140', 'v112', 'v6p', 'v34p', 'v52p', 'v36p', 'v236', 'v115', 'v190', 'v206', 'v306', 'v215', 'v46p', 'v49p', 'v56p', 'v131', 'v307', 'v43p', 'v116', 'v21p']","['v113', 'v149', 'v286', 'v110', 'v111', 'v179', 'v209', 'v177', 'v284', 'v305', 'v12p', 'v58p', 'v279', 'v25p', 'v143', 'v309', 'v263', 'v250', 'v114', 'v121', 'v303', 'v45p', 'v29p', 'v35p']","['v48p', 'v60p', 'v57p', 'v298', 'v151', 'v18p', 'v1p', 'v41p', 'v15p', 'v51p', 'v22p', 'v42p', 'v123', 'v47p', 'v173', 'v231', 'v37p', 'v234', 'v30p', 'v200', 'v53p', 'v288', 'v50p', 'v213', 'v32p']",0.6666666666666666,0.7142857142857143,0.8333333333333334,0.625,0.5,0.6805555555555556,0.72,0.7741935483870968,0.9230769230769231,0.6666666666666666,0.5,0.7756410256410257,6,6,1,12
6,47,xgboost,0.7504761904761905,"{'clf__colsample_bytree': 0.8, 'clf__learning_rate': 0.03, 'clf__max_depth': 3, 'clf__n_estimators': 300, 'clf__subsample': 0.8, 'selector__k': 120}","['v60p', 'v304', 'v115', 'v51p', 'v274', 'v213', 'v298', 'v263', 'v250', 'v306', 'v179', 'v305', 'v121', 'v123', 'v279', 'v107', 'v29p', 'v286', 'v108', 'v299', 'v147', 'v32p', 'v57p', 'v110', 'v38p', 'v20p', 'v10p', 'v12p', 'v300', 'v43p', 'v309', 'v120', 'v28p', 'v215', 'v116', 'v303', 'v54p', 'v36p', 'v50p', 'v37p', 'v236', 'v151', 'v112', 'v190', 'v35p', 'v58p', 'v118', 'v56p', 'v24p', 'v244', 'v31p', 'v14p', 'v19p', 'v111', 'v284', 'v219', 'v308', 'v181', 'v227', 'v59p', 'v34p', 'v3p', 'v15p', 'v41p', 'v196', 'v297', 'v173', 'v109', 'v140', 'v6p', 'v8p', 'v49p']","['v231', 'v288', 'v53p', 'v310', 'v133', 'v33p', 'v131', 'v47p', 'v134', 'v307', 'v270', 'v129', 'v30p', 'v246', 'v55p', 'v114', 'v46p', 'v200', 'v177', 'v209', 'v44p', 'v1p', 'v254', 'v21p']","['v125', 'v48p', 'v45p', 'v27p', 'v127', 'v42p', 'v138', 'v18p', 'v52p', 'v149', 'v234', 'v265', 'v206', 'v25p', 'v204', 'v22p', 'v117', 'v238', 'v39p', 'v40p', 'v143', 'v302', 'v113', 'v198', 'v183']",0.7083333333333334,0.7407407407407407,0.8333333333333334,0.6666666666666666,0.5833333333333334,0.7916666666666669,0.64,0.64,0.6153846153846154,0.6666666666666666,0.6666666666666666,0.75,8,4,5,8
7,48,svm_rbf,0.6819047619047618,"{'clf__C': 10, 'clf__gamma': 'scale', 'clf__kernel': 'rbf', 'selector__k': 120}","['v246', 'v12p', 'v116', 'v117', 'v213', 'v279', 'v234', 'v286', 'v44p', 'v129', 'v196', 'v30p', 'v219', 'v37p', 'v1p', 'v28p', 'v20p', 'v125', 'v10p', 'v306', 'v112', 'v254', 'v45p', 'v114', 'v21p', 'v270', 'v53p', 'v49p', 'v284', 'v147', 'v299', 'v127', 'v60p', 'v151', 'v173', 'v305', 'v57p', 'v118', 'v198', 'v181', 'v134', 'v231', 'v308', 'v36p', 'v3p', 'v42p', 'v140', 'v43p', 'v298', 'v35p', 'v204', 'v25p', 'v39p', 'v183', 'v8p', 'v52p', 'v34p', 'v304', 'v297', 'v14p', 'v110', 'v55p', 'v131', 'v310', 'v54p', 'v120', 'v265', 'v27p', 'v108', 'v263', 'v111', 'v200']","['v40p', 'v244', 'v302', 'v38p', 'v238', 'v18p', 'v58p', 'v46p', 'v31p', 'v121', 'v300', 'v109', 'v206', 'v307', 'v288', 'v209', 'v41p', 'v19p', 'v274', 'v50p', 'v47p', 'v133', 'v149', 'v24p']","['v236', 'v115', 'v48p', 'v303', 'v22p', 'v32p', 'v6p', 'v33p', 'v177', 'v51p', 'v215', 'v190', 'v250', 'v138', 'v143', 'v107', 'v123', 'v113', 'v15p', 'v29p', 'v309', 'v179', 'v56p', 'v227', 'v59p']",0.625,0.6086956521739131,0.5833333333333334,0.6363636363636364,0.6666666666666666,0.6875,0.68,0.6923076923076923,0.6923076923076923,0.6923076923076923,0.6666666666666666,0.8205128205128206,8,4,4,9
8,49,xgboost,0.5961904761904762,"{'clf__colsample_bytree': 1.0, 'clf__learning_rate': 0.1, 'clf__max_depth': 4, 'clf__n_estimators': 200, 'clf__subsample': 0.8, 'selector__k': 40}","['v309', 'v254', 'v149', 'v213', 'v8p', 'v37p', 'v190', 'v43p', 'v227', 'v53p', 'v6p', 'v131', 'v151', 'v38p', 'v35p', 'v115', 'v140', 'v114', 'v59p', 'v55p', 'v284', 'v46p', 'v36p', 'v24p', 'v56p', 'v279', 'v58p', 'v44p', 'v15p', 'v200', 'v40p', 'v129', 'v286', 'v111', 'v31p', 'v50p', 'v306', 'v121', 'v21p', 'v14p', 'v49p', 'v109', 'v134', 'v30p', 'v204', 'v302', 'v263', 'v28p', 'v110', 'v10p', 'v22p', 'v18p', 'v42p', 'v307', 'v310', 'v179', 'v308', 'v107', 'v48p', 'v118', 'v3p', 'v52p', 'v305', 'v181', 'v19p', 'v244', 'v270', 'v219', 'v299', 'v34p', 'v51p', 'v39p']","['v215', 'v1p', 'v25p', 'v32p', 'v113', 'v27p', 'v108', 'v112', 'v45p', 'v29p', 'v238', 'v41p', 'v60p', 'v300', 'v133', 'v288', 'v54p', 'v304', 'v20p', 'v138', 'v303', 'v198', 'v12p', 'v236']","['v120', 'v57p', 'v116', 'v127', 'v33p', 'v125', 'v177', 'v147', 'v246', 'v298', 'v173', 'v47p', 'v196', 'v117', 'v274', 'v209', 'v234', 'v183', 'v297', 'v231', 'v143', 'v265', 'v250', 'v206', 'v123']",0.6666666666666666,0.6363636363636364,0.5833333333333334,0.7,0.75,0.6666666666666667,0.84,0.8461538461538461,0.8461538461538461,0.8461538461538461,0.8333333333333334,0.7884615384615385,10,2,2,11
9,50,xgboost,0.6780952380952381,"{'clf__colsample_bytree': 0.8, 'clf__learning_rate': 0.1, 'clf__max_depth': 3, 'clf__n_estimators': 200, 'clf__subsample': 0.8, 'selector__k': 40}","['v308', 'v270', 'v133', 'v108', 'v151', 'v37p', 'v209', 'v59p', 'v298', 'v44p', 'v200', 'v8p', 'v286', 'v279', 'v19p', 'v196', 'v120', 'v107', 'v32p', 'v143', 'v36p', 'v20p', 'v55p', 'v234', 'v53p', 'v138', 'v33p', 'v15p', 'v250', 'v48p', 'v177', 'v181', 'v304', 'v60p', 'v111', 'v38p', 'v57p', 'v129', 'v35p', 'v213', 'v52p', 'v39p', 'v147', 'v117', 'v56p', 'v265', 'v47p', 'v246', 'v41p', 'v204', 'v297', 'v109', 'v22p', 'v309', 'v307', 'v127', 'v219', 'v173', 'v140', 'v30p', 'v116', 'v28p', 'v190', 'v31p', 'v21p', 'v198', 'v51p', 'v45p', 'v121', 'v300', 'v183', 'v244']","['v306', 'v42p', 'v18p', 'v114', 'v112', 'v54p', 'v43p', 'v58p', 'v40p', 'v49p', 'v299', 'v254', 'v27p', 'v10p', 'v149', 'v24p', 'v274', 'v12p', 'v131', 'v215', 'v238', 'v34p', 'v46p', 'v263']","['v3p', 'v284', 'v227', 'v288', 'v134', 'v6p', 'v50p', 'v113', 'v25p', 'v179', 'v231', 'v118', 'v29p', 'v110', 'v123', 'v236', 'v303', 'v115', 'v305', 'v310', 'v206', 'v125', 'v302', 'v14p', 'v1p']",0.5416666666666666,0.56,0.5833333333333334,0.5384615384615384,0.5,0.576388888888889,0.84,0.8461538461538461,0.8461538461538461,0.8461538461538461,0.8333333333333334,0.8333333333333334,10,2,2,11
10,51,svm_rbf,0.6123809523809524,"{'clf__C': 10, 'clf__gamma': 0.001, 'clf__kernel': 'rbf', 'selector__k': 40}","['v302', 'v151', 'v125', 'v181', 'v173', 'v15p', 'v123', 'v21p', 'v307', 'v1p', 'v43p', 'v110', 'v286', 'v238', 'v19p', 'v131', 'v147', 'v41p', 'v34p', 'v51p', 'v303', 'v25p', 'v263', 'v55p', 'v200', 'v45p', 'v50p', 'v113', 'v234', 'v306', 'v112', 'v49p', 'v12p', 'v244', 'v38p', 'v40p', 'v42p', 'v6p', 'v46p', 'v32p', 'v59p', 'v138', 'v179', 'v116', 'v24p', 'v111', 'v107', 'v58p', 'v56p', 'v109', 'v274', 'v52p', 'v120', 'v118', 'v288', 'v33p', 'v198', 'v308', 'v299', 'v28p', 'v250', 'v177', 'v8p', 'v246', 'v227', 'v190', 'v30p', 'v133', 'v22p', 'v236', 'v196', 'v115']","['v298', 'v279', 'v297', 'v53p', 'v215', 'v36p', 'v127', 'v35p', 'v60p', 'v10p', 'v37p', 'v27p', 'v57p', 'v309', 'v209', 'v140', 'v284', 'v231', 'v143', 'v20p', 'v54p', 'v114', 'v121', 'v206']","['v265', 'v219', 'v134', 'v29p', 'v31p', 'v213', 'v204', 'v48p', 'v47p', 'v304', 'v18p', 'v254', 'v117', 'v300', 'v183', 'v149', 'v129', 'v3p', 'v108', 'v270', 'v14p', 'v305', 'v44p', 'v310', 'v39p']",0.6666666666666666,0.6923076923076923,0.75,0.6428571428571429,0.5833333333333334,0.7777777777777778,0.68,0.6666666666666666,0.6153846153846154,0.7272727272727273,0.75,0.7051282051282052,9,3,5,8
11,52,xgboost,0.720952380952381,"{'clf__colsample_bytree': 1.0, 'clf__learning_rate': 0.1, 'clf__max_depth': 3, 'clf__n_estimators': 200, 'clf__subsample': 0.8, 'selector__k': 120}","['v284', 'v246', 'v34p', 'v112', 'v183', 'v58p', 'v30p', 'v48p', 'v265', 'v206', 'v306', 'v123', 'v213', 'v107', 'v244', 'v270', 'v44p', 'v138', 'v12p', 'v115', 'v14p', 'v35p', 'v133', 'v113', 'v143', 'v27p', 'v32p', 'v39p', 'v151', 'v31p', 'v6p', 'v40p', 'v3p', 'v41p', 'v219', 'v20p', 'v305', 'v57p', 'v231', 'v279', 'v37p', 'v309', 'v181', 'v118', 'v263', 'v111', 'v54p', 'v250', 'v307', 'v177', 'v46p', 'v1p', 'v204', 'v24p', 'v121', 'v129', 'v8p', 'v298', 'v234', 'v310', 'v116', 'v22p', 'v109', 'v300', 'v42p', 'v53p', 'v36p', 'v120', 'v60p', 'v55p', 'v117', 'v131']","['v173', 'v308', 'v140', 'v179', 'v49p', 'v52p', 'v33p', 'v190', 'v238', 'v254', 'v303', 'v302', 'v29p', 'v125', 'v209', 'v43p', 'v274', 'v200', 'v10p', 'v108', 'v215', 'v59p', 'v147', 'v299']","['v15p', 'v114', 'v127', 'v50p', 'v196', 'v110', 'v236', 'v21p', 'v134', 'v18p', 'v28p', 'v38p', 'v47p', 'v51p', 'v286', 'v45p', 'v227', 'v198', 'v297', 'v19p', 'v304', 'v288', 'v149', 'v25p', 'v56p']",0.6666666666666666,0.7142857142857143,0.8333333333333334,0.625,0.5,0.7916666666666667,0.56,0.5925925925925926,0.6153846153846154,0.5714285714285714,0.5,0.6474358974358975,6,6,5,8
12,53,random_forest,0.6666666666666667,"{'clf__max_depth': 5, 'clf__min_samples_leaf': 1, 'clf__min_samples_split': 2, 'clf__n_estimators': 300, 'selector__k': 120}","['v117', 'v200', 'v107', 'v49p', 'v263', 'v115', 'v54p', 'v53p', 'v131', 'v274', 'v32p', 'v114', 'v34p', 'v50p', 'v18p', 'v51p', 'v36p', 'v22p', 'v151', 'v15p', 'v179', 'v48p', 'v206', 'v306', 'v29p', 'v45p', 'v299', 'v60p', 'v59p', 'v215', 'v279', 'v234', 'v149', 'v38p', 'v125', 'v250', 'v35p', 'v6p', 'v236', 'v227', 'v55p', 'v198', 'v147', 'v12p', 'v39p', 'v30p', 'v21p', 'v308', 'v284', 'v27p', 'v20p', 'v310', 'v113', 'v307', 'v138', 'v1p', 'v300', 'v143', 'v173', 'v121', 'v24p', 'v112', 'v56p', 'v246', 'v302', 'v33p', 'v118', 'v309', 'v190', 'v52p', 'v111', 'v209']","['v134', 'v140', 'v3p', 'v238', 'v120', 'v133', 'v196', 'v244', 'v213', 'v183', 'v19p', 'v219', 'v129', 'v109', 'v58p', 'v42p', 'v304', 'v28p', 'v44p', 'v288', 'v14p', 'v297', 'v298', 'v177']","['v43p', 'v123', 'v57p', 'v10p', 'v270', 'v108', 'v265', 'v254', 'v41p', 'v116', 'v303', 'v25p', 'v37p', 'v40p', 'v127', 'v204', 'v47p', 'v8p', 'v46p', 'v181', 'v305', 'v110', 'v31p', 'v231', 'v286']",0.75,0.7692307692307693,0.8333333333333334,0.7142857142857143,0.6666666666666666,0.7569444444444445,0.72,0.7407407407407407,0.7692307692307693,0.7142857142857143,0.6666666666666666,0.7307692307692307,8,4,3,10
13,54,xgboost,0.6971428571428572,"{'clf__colsample_bytree': 1.0, 'clf__learning_rate': 0.05, 'clf__max_depth': 3, 'clf__n_estimators': 200, 'clf__subsample': 0.8, 'selector__k': 80}","['v50p', 'v263', 'v234', 'v265', 'v140', 'v306', 'v43p', 'v179', 'v54p', 'v147', 'v181', 'v20p', 'v134', 'v40p', 'v121', 'v204', 'v3p', 'v307', 'v46p', 'v303', 'v117', 'v250', 'v215', 'v270', 'v151', 'v41p', 'v25p', 'v32p', 'v310', 'v53p', 'v286', 'v304', 'v30p', 'v129', 'v198', 'v39p', 'v138', 'v279', 'v206', 'v58p', 'v200', 'v48p', 'v56p', 'v10p', 'v149', 'v49p', 'v305', 'v309', 'v112', 'v209', 'v57p', 'v31p', 'v14p', 'v114', 'v42p', 'v111', 'v244', 'v34p', 'v213', 'v231', 'v177', 'v8p', 'v19p', 'v298', 'v246', 'v120', 'v116', 'v51p', 'v302', 'v1p', 'v24p', 'v274']","['v125', 'v297', 'v143', 'v12p', 'v37p', 'v308', 'v288', 'v133', 'v115', 'v123', 'v18p', 'v254', 'v190', 'v44p', 'v299', 'v173', 'v21p', 'v127', 'v238', 'v29p', 'v55p', 'v183', 'v236', 'v110']","['v196', 'v27p', 'v22p', 'v300', 'v107', 'v52p', 'v118', 'v59p', 'v35p', 'v227', 'v15p', 'v33p', 'v38p', 'v6p', 'v47p', 'v60p', 'v45p', 'v108', 'v284', 'v36p', 'v28p', 'v113', 'v219', 'v109', 'v131']",0.625,0.64,0.6666666666666666,0.6153846153846154,0.5833333333333334,0.7430555555555556,0.76,0.75,0.6923076923076923,0.8181818181818182,0.8333333333333334,0.826923076923077,10,2,4,9
14,55,svm_rbf,0.7133333333333333,"{'clf__C': 5, 'clf__gamma': 0.001, 'clf__kernel': 'rbf', 'selector__k': 120}","['v181', 'v57p', 'v302', 'v231', 'v238', 'v25p', 'v125', 'v297', 'v56p', 'v308', 'v265', 'v27p', 'v58p', 'v120', 'v44p', 'v279', 'v35p', 'v300', 'v30p', 'v227', 'v52p', 'v177', 'v50p', 'v140', 'v39p', 'v112', 'v173', 'v38p', 'v288', 'v143', 'v18p', 'v131', 'v215', 'v183', 'v60p', 'v110', 'v244', 'v29p', 'v14p', 'v127', 'v8p', 'v117', 'v1p', 'v304', 'v43p', 'v151', 'v286', 'v121', 'v254', 'v250', 'v149', 'v20p', 'v298', 'v33p', 'v310', 'v108', 'v111', 'v3p', 'v59p', 'v55p', 'v284', 'v15p', 'v107', 'v234', 'v28p', 'v213', 'v49p', 'v113', 'v36p', 'v12p', 'v133', 'v123']","['v274', 'v40p', 'v307', 'v309', 'v116', 'v204', 'v47p', 'v198', 'v45p', 'v138', 'v115', 'v21p', 'v46p', 'v48p', 'v219', 'v209', 'v134', 'v109', 'v53p', 'v246', 'v37p', 'v263', 'v190', 'v31p']","['v34p', 'v196', 'v236', 'v200', 'v42p', 'v54p', 'v299', 'v306', 'v114', 'v129', 'v305', 'v51p', 'v206', 'v6p', 'v32p', 'v270', 'v41p', 'v179', 'v147', 'v303', 'v24p', 'v118', 'v19p', 'v10p', 'v22p']",0.7083333333333334,0.72,0.75,0.6923076923076923,0.6666666666666666,0.75,0.6,0.5454545454545454,0.46153846153846156,0.6666666666666666,0.75,0.7115384615384616,9,3,7,6
15,56,xgboost,0.680952380952381,"{'clf__colsample_bytree': 0.8, 'clf__learning_rate': 0.05, 'clf__max_depth': 3, 'clf__n_estimators': 300, 'clf__subsample': 1.0, 'selector__k': 120}","['v32p', 'v53p', 'v22p', 'v31p', 'v19p', 'v143', 'v140', 'v117', 'v127', 'v310', 'v120', 'v118', 'v39p', 'v147', 'v56p', 'v33p', 'v298', 'v254', 'v52p', 'v34p', 'v41p', 'v265', 'v302', 'v57p', 'v213', 'v10p', 'v138', 'v29p', 'v42p', 'v303', 'v284', 'v149', 'v209', 'v114', 'v47p', 'v123', 'v6p', 'v30p', 'v20p', 'v8p', 'v190', 'v279', 'v3p', 'v14p', 'v35p', 'v116', 'v131', 'v134', 'v43p', 'v115', 'v46p', 'v133', 'v270', 'v121', 'v250', 'v204', 'v125', 'v305', 'v299', 'v111', 'v27p', 'v179', 'v196', 'v215', 'v40p', 'v238', 'v181', 'v173', 'v51p', 'v129', 'v231', 'v234']","['v107', 'v286', 'v25p', 'v219', 'v1p', 'v60p', 'v177', 'v28p', 'v49p', 'v244', 'v113', 'v306', 'v183', 'v297', 'v55p', 'v307', 'v48p', 'v58p', 'v288', 'v108', 'v274', 'v37p', 'v50p', 'v21p']","['v38p', 'v308', 'v24p', 'v45p', 'v206', 'v309', 'v246', 'v44p', 'v227', 'v18p', 'v112', 'v198', 'v109', 'v15p', 'v263', 'v236', 'v36p', 'v304', 'v12p', 'v151', 'v59p', 'v54p', 'v300', 'v110', 'v200']",0.6666666666666666,0.7142857142857143,0.8333333333333334,0.625,0.5,0.6736111111111112,0.8,0.8148148148148148,0.8461538461538461,0.7857142857142857,0.75,0.8141025641025642,9,3,2,11
16,57,svm_rbf,0.7342857142857143,"{'clf__C': 2, 'clf__gamma': 0.001, 'clf__kernel': 'rbf', 'selector__k': 120}","['v270', 'v246', 'v274', 'v1p', 'v173', 'v227', 'v112', 'v234', 'v238', 'v14p', 'v111', 'v123', 'v108', 'v308', 'v49p', 'v147', 'v57p', 'v206', 'v265', 'v149', 'v250', 'v134', 'v58p', 'v53p', 'v51p', 'v263', 'v200', 'v300', 'v22p', 'v209', 'v286', 'v60p', 'v55p', 'v231', 'v10p', 'v34p', 'v41p', 'v52p', 'v19p', 'v29p', 'v116', 'v127', 'v120', 'v133', 'v151', 'v177', 'v33p', 'v198', 'v28p', 'v35p', 'v117', 'v306', 'v44p', 'v59p', 'v45p', 'v56p', 'v244', 'v121', 'v30p', 'v32p', 'v254', 'v114', 'v115', 'v143', 'v3p', 'v213', 'v37p', 'v20p', 'v219', 'v297', 'v131', 'v303']","['v118', 'v48p', 'v24p', 'v54p', 'v38p', 'v302', 'v181', 'v46p', 'v196', 'v310', 'v129', 'v21p', 'v27p', 'v299', 'v12p', 'v284', 'v215', 'v236', 'v18p', 'v31p', 'v125', 'v307', 'v113', 'v140']","['v138', 'v183', 'v40p', 'v39p', 'v109', 'v25p', 'v309', 'v42p', 'v279', 'v15p', 'v50p', 'v47p', 'v110', 'v6p', 'v298', 'v179', 'v288', 'v8p', 'v43p', 'v36p', 'v204', 'v190', 'v107', 'v305', 'v304']",0.625,0.64,0.6666666666666666,0.6153846153846154,0.5833333333333334,0.5555555555555556,0.56,0.5925925925925926,0.6153846153846154,0.5714285714285714,0.5,0.6282051282051283,6,6,5,8
17,58,xgboost,0.6638095238095237,"{'clf__colsample_bytree': 0.8, 'clf__learning_rate': 0.03, 'clf__max_depth': 3, 'clf__n_estimators': 300, 'clf__subsample': 0.8, 'selector__k': 120}","['v204', 'v309', 'v18p', 'v304', 'v297', 'v183', 'v53p', 'v151', 'v179', 'v254', 'v111', 'v30p', 'v238', 'v28p', 'v274', 'v38p', 'v286', 'v213', 'v143', 'v190', 'v198', 'v41p', 'v265', 'v236', 'v110', 'v113', 'v39p', 'v308', 'v15p', 'v24p', 'v219', 'v8p', 'v1p', 'v109', 'v43p', 'v49p', 'v177', 'v21p', 'v31p', 'v6p', 'v129', 'v108', 'v303', 'v298', 'v42p', 'v48p', 'v52p', 'v300', 'v196', 'v56p', 'v36p', 'v55p', 'v244', 'v206', 'v250', 'v57p', 'v107', 'v33p', 'v120', 'v227', 'v200', 'v125', 'v310', 'v35p', 'v299', 'v27p', 'v60p', 'v121', 'v47p', 'v133', 'v58p', 'v140']","['v127', 'v117', 'v59p', 'v131', 'v20p', 'v3p', 'v12p', 'v246', 'v147', 'v51p', 'v22p', 'v29p', 'v181', 'v116', 'v209', 'v50p', 'v10p', 'v19p', 'v149', 'v115', 'v307', 'v114', 'v34p', 'v40p']","['v284', 'v138', 'v288', 'v25p', 'v118', 'v54p', 'v215', 'v305', 'v112', 'v37p', 'v45p', 'v14p', 'v46p', 'v32p', 'v302', 'v306', 'v270', 'v44p', 'v123', 'v279', 'v134', 'v263', 'v231', 'v234', 'v173']",0.6666666666666666,0.6363636363636364,0.5833333333333334,0.7,0.75,0.7152777777777778,0.68,0.7333333333333333,0.8461538461538461,0.6470588235294118,0.5,0.7243589743589743,6,6,2,11
18,59,random_forest,0.6828571428571428,"{'clf__max_depth': None, 'clf__min_samples_leaf': 1, 'clf__min_samples_split': 2, 'clf__n_estimators': 300, 'selector__k': 120}","['v138', 'v20p', 'v303', 'v200', 'v196', 'v308', 'v14p', 'v24p', 'v29p', 'v304', 'v51p', 'v25p', 'v274', 'v215', 'v250', 'v40p', 'v52p', 'v298', 'v213', 'v19p', 'v112', 'v236', 'v41p', 'v108', 'v231', 'v34p', 'v149', 'v133', 'v117', 'v42p', 'v56p', 'v8p', 'v50p', 'v204', 'v131', 'v35p', 'v177', 'v107', 'v284', 'v47p', 'v37p', 'v39p', 'v113', 'v306', 'v6p', 'v3p', 'v110', 'v121', 'v54p', 'v44p', 'v60p', 'v297', 'v183', 'v206', 'v115', 'v31p', 'v246', 'v18p', 'v43p', 'v299', 'v147', 'v244', 'v309', 'v30p', 'v32p', 'v227', 'v36p', 'v302', 'v12p', 'v143', 'v116', 'v305']","['v49p', 'v190', 'v27p', 'v48p', 'v300', 'v134', 'v179', 'v209', 'v129', 'v28p', 'v46p', 'v263', 'v22p', 'v279', 'v310', 'v1p', 'v125', 'v55p', 'v111', 'v57p', 'v234', 'v118', 'v15p', 'v21p']","['v10p', 'v181', 'v140', 'v58p', 'v238', 'v123', 'v53p', 'v33p', 'v59p', 'v151', 'v109', 'v38p', 'v120', 'v114', 'v45p', 'v198', 'v288', 'v286', 'v173', 'v219', 'v307', 'v127', 'v265', 'v254', 'v270']",0.75,0.75,0.75,0.75,0.75,0.8159722222222222,0.76,0.7857142857142857,0.8461538461538461,0.7333333333333333,0.6666666666666666,0.7564102564102564,8,4,2,11
19,60,svm_rbf,0.7085714285714285,"{'clf__C': 5, 'clf__gamma': 'scale', 'clf__kernel': 'rbf', 'selector__k': 120}","['v50p', 'v53p', 'v8p', 'v36p', 'v21p', 'v18p', 'v48p', 'v177', 'v41p', 'v308', 'v117', 'v231', 'v123', 'v129', 'v238', 'v179', 'v40p', 'v310', 'v173', 'v190', 'v35p', 'v213', 'v116', 'v131', 'v143', 'v254', 'v147', 'v46p', 'v227', 'v206', 'v127', 'v32p', 'v302', 'v304', 'v236', 'v244', 'v303', 'v181', 'v196', 'v29p', 'v47p', 'v125', 'v219', 'v300', 'v307', 'v60p', 'v246', 'v57p', 'v215', 'v52p', 'v265', 'v288', 'v151', 'v270', 'v108', 'v38p', 'v59p', 'v279', 'v200', 'v134', 'v305', 'v263', 'v138', 'v12p', 'v39p', 'v286', 'v140', 'v298', 'v44p', 'v33p', 'v149', 'v43p']","['v58p', 'v56p', 'v133', 'v234', 'v110', 'v3p', 'v54p', 'v120', 'v51p', 'v15p', 'v112', 'v19p', 'v34p', 'v209', 'v299', 'v198', 'v115', 'v49p', 'v25p', 'v6p', 'v121', 'v14p', 'v22p', 'v284']","['v37p', 'v204', 'v114', 'v113', 'v250', 'v183', 'v28p', 'v20p', 'v42p', 'v10p', 'v107', 'v274', 'v27p', 'v30p', 'v45p', 'v109', 'v55p', 'v309', 'v297', 'v306', 'v31p', 'v24p', 'v1p', 'v111', 'v118']",0.625,0.5714285714285714,0.5,0.6666666666666666,0.75,0.6527777777777778,0.64,0.64,0.6153846153846154,0.6666666666666666,0.6666666666666666,0.673076923076923,8,4,5,8
20,61,svm_rbf,0.7914285714285715,"{'clf__C': 2, 'clf__gamma': 0.01, 'clf__kernel': 'rbf', 'selector__k': 120}","['v49p', 'v204', 'v22p', 'v53p', 'v112', 'v303', 'v286', 'v19p', 'v209', 'v300', 'v18p', 'v198', 'v12p', 'v305', 'v140', 'v238', 'v21p', 'v288', 'v51p', 'v117', 'v263', 'v231', 'v109', 'v44p', 'v3p', 'v46p', 'v60p', 'v304', 'v143', 'v54p', 'v270', 'v30p', 'v200', 'v127', 'v33p', 'v147', 'v6p', 'v20p', 'v114', 'v107', 'v129', 'v45p', 'v244', 'v32p', 'v56p', 'v14p', 'v279', 'v24p', 'v41p', 'v38p', 'v190', 'v43p', 'v118', 'v151', 'v310', 'v299', 'v110', 'v213', 'v115', 'v111', 'v123', 'v138', 'v250', 'v183', 'v1p', 'v134', 'v28p', 'v274', 'v42p', 'v254', 'v177', 'v31p']","['v219', 'v37p', 'v59p', 'v108', 'v298', 'v58p', 'v29p', 'v302', 'v36p', 'v113', 'v308', 'v15p', 'v120', 'v10p', 'v25p', 'v133', 'v35p', 'v8p', 'v234', 'v116', 'v50p', 'v52p', 'v265', 'v40p']","['v306', 'v179', 'v309', 'v181', 'v125', 'v55p', 'v173', 'v131', 'v121', 'v34p', 'v39p', 'v227', 'v206', 'v284', 'v297', 'v246', 'v307', 'v149', 'v236', 'v47p', 'v57p', 'v215', 'v48p', 'v196', 'v27p']",0.625,0.64,0.6666666666666666,0.6153846153846154,0.5833333333333334,0.6111111111111112,0.6,0.6428571428571429,0.6923076923076923,0.6,0.5,0.6346153846153846,6,6,4,9
